Carlie,-33
Stevana,113
Jacquetta,495
Ida,396
Gerrie,406
Brianna,-417
Corina,-495
Jacenta,418
Jolyn,39
Gisela,417
Kimberley,434
Beverley,360
Ottilie,486
Fanchon,215
Gilligan,-36
Aurore,218
Sara-Ann,355
Susette,-415
Elka,134
Dianemarie,302
Winny,228
Katleen,-133
Jordan,-179
Ilse,362
Gianina,408
Charlena,295
Fidelia,94
Paola,-477
Tabbatha,398
Sharlene,-486
Meg,317
Adriana,-151
Margarette,-248
Annice,-500
Demetris,-344
Collen,87
Clementine,122
Anthia,462
Damaris,-85
Winifred,-154
Nerta,453
Kirbee,135
Andree,292
Tera,71
Concettina,346
Winifred,-73
Adele,-309
Magdalena,210
Ardenia,60
Maridel,-307
Zia,-262
Deloria,-20
Hildegaard,-319
Jobi,-240
Emma,284
Gabi,-480
Kara-Lynn,225
Livvyy,-231
Wilma,-464
Ida,-130
Monika,-411
Ulrike,350
Ermengarde,445
Nonnah,-114
Melina,-430
Claudina,27
Jaime,336
Blake,-274
Cristabel,41
Mahalia,31
Lenna,-118
Ebonee,-400
Joane,-117
Adriana,179
Etta,-52
Ardenia,304
Mignon,445
Evaleen,75
Abbie,238
Gaylene,-77
Frieda,232
Inga,-90
Consuela,-6
Susette,320
Kore,277
Tina,-114
Janis,385
Marline,493
Pierette,478
Ruthe,144
Peri,-76
Madelle,-398
Sabina,391
Melina,-24
Alie,-153
Di,234
Anthia,382
Rosabelle,60
Mara,88
Tarra,-232
Grier,498
Caritta,196
Tybie,-344
Roberta,-429
Jenilee,489
Jsandye,258
Micheline,-342
Vinita,-217
Benita,412
Deirdre,-460
Marsiella,150
Jasmina,-477
Patricia,-207
Edith,306
Lauryn,159
Libbie,48
Farrah,433
Joleen,164
Kerrin,299
Fernande,287
Anica,-371
Jenda,-476
Karena,-345
Blinni,-465
Aimil,477
Tina,-367
Antonietta,279
Lila,-331
Gavrielle,-444
Reeba,454
Adele,-493
Alyssa,70
Pearline,154
Mireielle,-427
Yetty,-278
Katleen,142
Susette,-68
Carmela,95
Marinna,360
Charmaine,-44
Sharlene,-427
Sibella,399
Kimberley,125
Siana,358
Carmencita,97
Stevana,-41
Maridel,204
Rayna,-4
Kamilah,-355
Jasmina,115
Tressa,273
Christy,-59
Hope,126
Genevra,172
Ada,-443
Ashlee,16
Therine,372
Chickie,-360
Hildegaard,95
Steffane,471
Andree,-57
Odessa,-157
Heddie,348
Yolane,-387
Fernande,-269
Edyth,156
Teriann,-163
Bernie,1
Orsola,178
Modestia,19
Adele,72
Ileana,-296
Harrietta,454
Concettina,30
Gerrie,-486
Sara-Ann,-105
Lisette,-168
Nerta,39
Andeee,118
Margalo,193
Jemie,65
Almeta,304
Cyb,-247
Elise,490
Norine,330
Cam,182
Isa,351
Lory,172
Mallory,126
Sharlene,43
Vanessa,170
Quintina,92
Alexine,-251
Danika,415
Liana,213
Joceline,297
Deedee,200
Dode,-215
Noelle,34
Lanae,-208
Bettine,-299
Corly,-277
Genevra,473
Liana,-379
Selma,315
Annecorinne,456
Ana,-263
Sibella,286
Meg,37
Jan,270
Maryellen,-20
Laurene,403
Evita,424
Shauna,203
Johna,15
Rozele,-255
Nannie,15
Fernande,-360
Dolli,-232
Orelia,-298
Corly,336
Gloria,167
Audrie,-164
Amelia,-434
Ursulina,-410
Chloris,196
Lorie,318
Ann-Marie,-312
Tabbatha,63
Genovera,96
Harmonia,-27
Alyssa,277
Jolyn,105
Elie,337
Benita,-295
Melanie,-495
Vivia,133
Caryl,-369
Desirae,-310
Kylynn,-69
Diena,471
Kial,-238
Philis,177
Eugine,-208
Florencia,-225
Eve,178
Fina,334
Trudie,54
Celene,135
Elora,338
Veda,386
Frank,459
Carolina,297
Fredericka,195
Jan,136
Mara,352
Sarette,267
Harrietta,-387
Laure,181
Liana,-247
Benita,-36
Odessa,-60
Evita,-125
Blake,12
Roz,41
Cristine,-456
Josephine,-157
Delilah,-329
Starla,-115
Roxane,64
Grier,323
Mureil,-404
Anica,376
Thalia,245
Gianina,478
Kylynn,447
Elora,337
Marnia,-426
Jordan,-184
Gale,-391
Willetta,-203
Verla,-188
Maye,-154
Lorie,-228
Briney,243
Lanae,29
Tabbatha,396
Augustine,172
Gabriellia,-129
Marita,136
Nannie,-287
Jordan,385
Minda,303
Lulita,21
Roseline,-465
Shaine,-133
Kirstin,455
Concettina,-220
Roberta,-315
Beverley,-500
Bibby,-391
Bee,-210
Marguerite,-480
Sadie,-437
Heida,428
Janis,-200
Roz,-63
Dari,274
Dulce,-59
Vere,206
Rosanne,-107
Damaris,-303
Leanna,5
Elka,414
Agnese,129
Iseabal,1
Charissa,-435
Joy,83
Sadie,189
Teriann,-482
Ada,334
Adriana,196
Marcelline,-282
Brana,333
Judy,357
Jordan,183
Tera,-376
Jordan,181
Hollie,449
Ardenia,-200
Suzette,82
Nadine,54
Susette,317
Laure,483
Katharina,460
Mara,232
Tybie,-109
Angela,475
Christian,389
Judy,14
Lucille,-419
Marnia,389
Nyssa,-69
Lynea,-294
Tera,-268
Madalyn,199
Courtnay,328
Malina,193
Elmira,-131
Jennica,-2
Leontine,-318
Harrietta,-348
Rosene,-194
Gwyneth,100
Shirlee,338
Ulrike,294
Dolli,207
Kara-Lynn,439
Britte,41
Melina,-31
Jeanna,280
Ermengarde,105
Nelle,-286
Malina,440
Dolli,386
Angelique,-80
Sashenka,267
Frances,488
Verla,90
Rani,89
Brana,-366
Jillayne,-244
Claudina,111
Fanchon,311
Lelah,-169
Lyssa,-52
Gianina,241
Elfreda,27
Margette,-162
Giustina,266
Kellen,-479
Joane,-316
Arabel,354
Anallese,-367
Lila,-431
Joeann,227
Christy,116
Gloria,323
Blake,-315
Dari,33
Britni,385
Rosene,447
Penelopa,-233
June,-65
Dorothy,-81
Talya,428
Gratia,231
Kial,471
Feliza,257
Daryl,-98
Aimil,305
Veda,-11
Anica,-182
Thalia,474
Ileana,-126
Ada,259
Fredericka,-459
Mariele,-89
Violet,261
Miquela,-217
Lanae,460
Lauryn,218
Lynde,-421
Edith,393
Teddie,-222
Konstance,-192
Elmira,-395
Shaine,168
Ivett,-314
Harmonia,293
Justinn,-450
Lynea,-231
Ofilia,159
Tani,-3
Joeann,256
Merry,146
Agnese,407
Modestia,-461
Lelah,-205
Nicoli,176
Melisent,-262
Ekaterina,243
Lonnie,161
Gale,205
Kristan,383
Elfreda,337
Inga,-28
Renae,169
Corina,-398
Dede,322
Myriam,-165
Kittie,435
Betta,-72
Ashlee,-190
Gaylene,-217
Priscilla,83
Yolane,12
Phedra,-326
Ethel,256
Jessamyn,-475
Desirae,466
Krystle,-80
Rosanne,-205
Marika,99
Sheree,-412
Raf,439
Angela,411
Keelia,-98
Agathe,-114
Joy,-399
Ana,-82
Kirbee,-261
Di,-353
Maryellen,-297
Roseline,-103
Zaria,-133
Caressa,-141
Therine,393
Siana,253
Jenda,283
Aaren,20
Phylis,-129
Inga,218
Cristabel,174
Beatriz,177
Blake,-221
Marcelline,481
Riannon,277
Bee,-283
Britte,-104
Rosene,-342
Christal,369
Britte,-283
Aigneis,18
Kathy,-75
Maridel,391
Charlena,119
Alejandra,373
Arlena,461
Kellen,-465
Flo,322
Roseline,390
Gerianna,133
Teddie,195
Linet,-434
Louella,128
Elena,-178
Arabel,128
Rebeca,-210
Margalo,220
Melisent,164
Gilda,-16
Peri,-67
Ermengarde,-262
Myrtice,-499
Aryn,473
Jolyn,127
Emma,428
Janis,-65
Angela,57
Althea,221
Joy,122
Marjie,224
Karena,366
Jerry,-383
Sam,-233
Anthia,-144
Harrietta,-169
Marline,90
Kirstin,-227
Flory,-485
Lauryn,465
Judy,-382
Merry,-185
Adore,403
Blondelle,139
Angela,-133
Monika,288
Myriam,-237
Mara,168
Konstance,-235
Tamqrah,43
Corry,-498
Abbie,297
Aeriela,-73
Pierette,0
Goldie,325
Amelia,12
Camile,195
Helena,91
Madelle,1
Genovera,-79
Riannon,462
Cherrita,233
Nananne,-177
Elfreda,-378
Maryellen,-346
Maye,292
Lorie,-118
Eugine,-189
Ebonee,-126
Kara-Lynn,190
Tilly,-169
Dale,-363
Barbara,-205
Hayley,65
Ottilie,-237
Florencia,-425
Betta,201
Edith,-292
Carol-Jean,456
Etta,263
Zaria,-315
Arabel,266
Tilly,338
Zsa Zsa,357
Korrie,-219
Dania,392
June,-257
Cristine,-61
Angelique,387
Brena,74
Lynde,-396
Millie,-112
Ethel,414
Aryn,-497
Charmaine,-238
Caritta,-71
Blake,26
Jacenta,-6
Ruthe,-491
Lindie,90
Sheree,379
Jany,396
Sue,-473
Annecorinne,425
Lorie,-132
Roslyn,-122
Celene,7
Gavrielle,-475
Millie,350
Nessie,-113
Raquela,-470
Britte,391
Wendi,-119
Noelle,-141
Hildegaard,-460
Joceline,420
Renie,329
Alyda,-31
Brooks,-47
Misha,231
Charissa,114
Daryl,91
Marinna,-223
Cordi,-216
Elsie,387
Ellette,-28
Brynna,-240
Jobi,47
Cacilie,391
Aaren,25
Max,-164
Quintina,-495
Susette,69
Joleen,-435
Modestia,-421
Jaclyn,378
Catharine,-367
Winny,-283
Giustina,-427
Gaylene,14
Peri,405
Bobinette,-152
Belva,-494
Vere,-379
Nollie,-31
Alameda,-387
Rosabelle,-195
Gilligan,342
Anallese,168
Stacey,-188
Aurelie,-403
Valli,109
Gratia,-362
Rhea,66
Bill,78
Shaylyn,-348
Corry,273
Hildegaard,-164
Jillayne,490
Joy,-432
Ida,-81
Kirstin,188
Nicoli,-216
Genevra,-145
Laurene,324
Stephanie,-33
Marjie,195
Andeee,-76
Livvyy,478
Rosabelle,224
Jerry,-35
Trudie,-473
Christian,251
Delilah,-240
Annaliese,-345
Mathilda,346
Gisela,35
Johna,-233
Benita,-191
Ingrid,-207
Nikki,78
Gerrie,445
Ernesta,-445
Alie,-444
Isa,80
Dominga,406
Lisette,471
Eolanda,-328
Norine,-59
Norine,128
Augustine,225
Clementine,-61
Janeczka,-77
Wynne,388
Kristan,-368
Leia,241
Bernie,-206
Kimberley,-408
Elise,243
Janeczka,-3
Netty,-431
Odessa,-52
Corry,232
Basia,38
Ellette,105
Eve,-18
Allyce,372
Catrina,242
Madalyn,-366
Marnia,-285
Farrah,-32
Silvana,-472
Dorice,-266
Kirstin,448
Susan,-23
Reeba,-15
Karly,69
Talya,220
Ilse,-316
Cassondra,-440
Elbertina,140
Concettina,-430
Ezmeralda,459
Ayn,241
Margarette,-342
Dennie,-314
Kellen,-249
Elvira,-428
Constance,259
Yolane,-165
Jerry,231
Ericka,-62
Marcelline,-368
Tierney,438
Leona,351
Lenna,-454
Rebeca,-134
Bee,-373
Aili,-216
Amii,-305
Bettine,485
Charlena,212
Courtnay,4
Angelique,-325
Nikki,-176
Cherilyn,-443
Gui,-485
Drucie,-377
Darci,437
Lizzie,80
Libbie,319
Chastity,-131
Felice,-224
Diena,-369
Nadine,-318
Sara-Ann,274
Clo,-331
Janis,-216
Nelle,240
Tiffie,299
Chloris,-136
Alyda,-291
Kittie,266
Gale,-496
Ileana,-144
Gratia,-260
Liana,379
Louella,-385
Therine,-191
Hermione,51
Alyssa,-358
Zia,59
Ardys,-141
Jessy,23
Livvyy,148
Raquela,-416
Zaria,-171
Fayre,444
Mariele,-69
Giustina,-390
Wileen,24
Misha,269
Minda,109
Isa,246
Phedra,323
Maye,152
Amelia,-246
Dorthy,-277
Dale,-213
Aigneis,346
Priscilla,287
Petronia,45
Ottilie,458
Eugine,358
Katleen,-446
Maurene,-441
Lindie,-420
Kore,-314
Ernesta,-259
Nollie,-482
Perry,-306
Tersina,111
Ezmeralda,86
Alleen,-486
Correy,397
Brana,-95
Annice,-315
Lorie,-105
Jan,403
Brynna,366
Maye,-76
Gratia,233
Nessie,210
Amara,170
Kerrin,68
Marinna,-428
Gui,-252
Marti,360
Lyssa,167
Leia,56
Riannon,130
Shel,-285
Kate,187
Janey,-159
Morganica,305
Viviene,333
Cyndie,403
Ginnie,-441
Luci,-315
Kaja,-393
Carly,-43
Dolli,456
Ofilia,15
Melanie,-409
Genevra,-7
Sonni,147
Harmonia,-387
Gilda,-23
Leontine,-13
Dolli,-8
Di,-151
Elora,448
Zsa Zsa,15
Clarice,277
Elka,165
Petronia,-373
Diena,-316
Tabbatha,-420
Cecile,342
Dorthy,367
Ketti,-51
Rosene,-329
Hyacinthe,470
Lynnea,-72
June,379
Margarette,-116
Linet,-136
Gavrielle,-330
Wynne,302
Alejandra,493
Collen,-44
Vere,454
Roz,333
Aimil,-299
Verla,-118
Jaime,195
Kerrin,-500
Arlena,-329
Lorenza,392
Farrah,-495
Hallie,-80
Carlie,28
Lynea,347
Luci,499
Liana,257
Frieda,351
Jordan,463
Teriann,-174
Lenna,119
Adelle,-69
Marinna,-191
Daphne,228
Lenna,-148
Carmencita,5
Netty,248
Talya,-281
Jolyn,-85
Genevra,359
Peri,-72
Kary,-14
Karolina,97
Mathilda,-77
Kial,49
Roberta,-179
Cordi,304
Romona,-492
Marylou,409
Adore,386
Oralee,470
Clarice,400
Gusty,142
Juliane,201
Livvyy,-130
Ottilie,-417
Gui,-53
Marline,-435
Gilda,-145
Rosaline,468
Gertrud,-214
Ninnetta,-464
Lorie,-345
Kamilah,-318
Corly,-491
Ulrike,467
Cassandra,240
Eugine,315
Marika,250
Gavrielle,364
Rayna,-183
Sharai,-471
Lindie,-279
Alisha,427
Nollie,467
Arlena,-213
Aimil,-346
Fina,-240
Jaclyn,320
Robbi,-393
Eve,-211
Lacie,358
Shel,-15
Catrina,-65
Kimmy,-279
Cacilie,10
Kayla,-294
Cassandra,194
Meghann,94
Gusty,-289
Pierette,-301
Lynde,-490
Albertina,68
Oralee,465
Nollie,28
Brynna,-280
Nerta,496
Beth,13
Siana,-204
Courtnay,-45
Chloris,-337
Oona,216
Nicoli,-352
Abbie,-304
Eugine,-247
Annaliese,346
Taffy,138
Jenda,157
Jasmina,450
Tera,-498
Cam,-164
Nollie,298
Rubie,-11
Leanna,-230
Rosaline,-468
Teriann,-337
Andeee,-60
Elbertina,-353
Jeanna,-284
Cathyleen,444
Georgetta,422
Tatiania,-49
Reeba,-339
Susette,465
Justinn,14
Dede,-262
Maurene,-467
Renae,492
Melisent,-125
Leia,341
Orsola,291
Steffane,6
Lynde,-11
Ursulina,-35
Courtnay,-224
Maryellen,120
Raf,361
Gale,75
Elie,311
Roxane,-147
Ronna,250
Tilly,433
Adele,-256
Joceline,318
Marcelline,377
Berta,-419
Odessa,289
Deirdre,265
Ashlee,247
Aimil,68
Dolli,450
Dolli,166
Frieda,118
Chere,245
Korrie,210
Lory,-177
Libbie,-390
Kirbee,-413
Estell,175
Steffane,423
Tiffie,99
Wendi,226
Cissiee,429
Audrie,377
Constance,484
Dolli,-397
Maye,277
Mallory,310
Ninnetta,214
Sean,247